{
"Profiles": [
{
  "Link Color" : {
    "Red Component" : 0,
    "Color Space" : "sRGB",
    "Blue Component" : 0.73423302173614502,
    "Alpha Component" : 1,
    "Green Component" : 0.35916060209274292
  },
  "Tags" : [

  ],
  "Ansi 12 Color" : {
    "Red Component" : 0.10320568829774857,
    "Color Space" : "sRGB",
    "Blue Component" : 0.99169284105300903,
    "Alpha Component" : 1,
    "Green Component" : 0.78264778852462769
  },
  "Ansi 7 Color" : {
    "Red Component" : 0.87973928451538086,
    "Color Space" : "sRGB",
    "Blue Component" : 0.8797488808631897,
    "Alpha Component" : 1,
    "Green Component" : 0.87975996732711792
  },
  "Draw Powerline Glyphs" : true,
  "Bold Color" : {
    "Red Component" : 0.99860554933547974,
    "Color Space" : "sRGB",
    "Blue Component" : 0.55107885599136353,
    "Alpha Component" : 1,
    "Green Component" : 0.18106639385223389
  },
  "Ansi 8 Color" : {
    "Red Component" : 0.32782799005508423,
    "Color Space" : "sRGB",
    "Blue Component" : 0.32783189415931702,
    "Alpha Component" : 1,
    "Green Component" : 0.32783645391464233
  },
  "Ansi 9 Color" : {
    "Red Component" : 0.99860554933547974,
    "Color Space" : "sRGB",
    "Blue Component" : 0.55107885599136353,
    "Alpha Component" : 1,
    "Green Component" : 0.18106639385223389
  },
  "Custom Directory" : "Yes",
  "Rows" : 25,
  "Default Bookmark" : "No",
  "Right Option Key Sends" : 0,
  "Cursor Guide Color" : {
    "Red Component" : 0.70213186740875244,
    "Color Space" : "sRGB",
    "Blue Component" : 1,
    "Alpha Component" : 0.25,
    "Green Component" : 0.9268307089805603
  },
  "Non-ASCII Anti Aliased" : true,
  "Use Bright Bold" : true,
  "Ansi 10 Color" : {
    "Red Component" : 0.42949733138084412,
    "Color Space" : "sRGB",
    "Blue Component" : 0.74065512418746948,
    "Alpha Component" : 1,
    "Green Component" : 0.86353534460067749
  },
  "Ambiguous Double Width" : false,
  "Jobs to Ignore" : [
    "rlogin",
    "ssh",
    "slogin",
    "telnet"
  ],
  "Ansi 15 Color" : {
    "Red Component" : 0.9562498927116394,
    "Color Space" : "sRGB",
    "Blue Component" : 0.95626014471054077,
    "Alpha Component" : 1,
    "Green Component" : 0.9562721848487854
  },
  "Foreground Color" : {
    "Red Component" : 0.9562498927116394,
    "Color Space" : "sRGB",
    "Blue Component" : 0.95626014471054077,
    "Alpha Component" : 1,
    "Green Component" : 0.9562721848487854
  },
  "Bound Hosts" : [

  ],
  "Working Directory" : "~\/repos",
  "Blinking Cursor" : false,
  "Disable Window Resizing" : true,
  "Sync Title" : false,
  "Prompt Before Closing 2" : false,
  "BM Growl" : true,
  "Mouse Reporting" : true,
  "Command" : "",
  "Description" : "Default",
  "Space" : -1,
  "Screen" : 0,
  "Selection Color" : {
    "Red Component" : 0.7615014910697937,
    "Color Space" : "sRGB",
    "Blue Component" : 0.99430257081985474,
    "Alpha Component" : 1,
    "Green Component" : 0.87257224321365356
  },
  "Only The Default BG Color Uses Transparency" : true,
  "Columns" : 80,
  "Idle Code" : 0,
  "Ansi 13 Color" : {
    "Red Component" : 0.48607546091079712,
    "Color Space" : "sRGB",
    "Blue Component" : 0.89684361219406128,
    "Alpha Component" : 1,
    "Green Component" : 0.43724477291107178
  },
  "Custom Command" : "No",
  "ASCII Anti Aliased" : true,
  "Non Ascii Font" : "Monaco 12",
  "Vertical Spacing" : 1,
  "Use Bold Font" : true,
  "Option Key Sends" : 0,
  "Selected Text Color" : {
    "Red Component" : 0.9562498927116394,
    "Color Space" : "sRGB",
    "Blue Component" : 0.95626014471054077,
    "Alpha Component" : 1,
    "Green Component" : 0.9562721848487854
  },
  "Background Color" : {
    "Red Component" : 0.17263087630271912,
    "Color Space" : "sRGB",
    "Blue Component" : 0.17263323068618774,
    "Alpha Component" : 1,
    "Green Component" : 0.17263594269752502
  },
  "Character Encoding" : 4,
  "Ansi 11 Color" : {
    "Red Component" : 0.96323567628860474,
    "Color Space" : "sRGB",
    "Blue Component" : 0.23970609903335571,
    "Alpha Component" : 1,
    "Green Component" : 0.90355896949768066
  },
  "Use Italic Font" : true,
  "Unlimited Scrollback" : true,
  "Keyboard Map" : {
    "0xf700-0x260000" : {
      "Text" : "[1;6A",
      "Action" : 10
    },
    "0x37-0x40000" : {
      "Text" : "0x1f",
      "Action" : 11
    },
    "0x32-0x40000" : {
      "Text" : "0x00",
      "Action" : 11
    },
    "0xf709-0x20000" : {
      "Text" : "[17;2~",
      "Action" : 10
    },
    "0xf70c-0x20000" : {
      "Text" : "[20;2~",
      "Action" : 10
    },
    "0xf729-0x20000" : {
      "Text" : "[1;2H",
      "Action" : 10
    },
    "0xf72b-0x40000" : {
      "Text" : "[1;5F",
      "Action" : 10
    },
    "0xf705-0x20000" : {
      "Text" : "[1;2Q",
      "Action" : 10
    },
    "0xf703-0x260000" : {
      "Text" : "[1;6C",
      "Action" : 10
    },
    "0xf700-0x220000" : {
      "Text" : "[1;2A",
      "Action" : 10
    },
    "0xf701-0x280000" : {
      "Text" : "0x1b 0x1b 0x5b 0x42",
      "Action" : 11
    },
    "0x38-0x40000" : {
      "Text" : "0x7f",
      "Action" : 11
    },
    "0x33-0x40000" : {
      "Text" : "0x1b",
      "Action" : 11
    },
    "0xf703-0x220000" : {
      "Text" : "[1;2C",
      "Action" : 10
    },
    "0xf701-0x240000" : {
      "Text" : "[1;5B",
      "Action" : 10
    },
    "0xf70d-0x20000" : {
      "Text" : "[21;2~",
      "Action" : 10
    },
    "0xf702-0x260000" : {
      "Text" : "[1;6D",
      "Action" : 10
    },
    "0xf729-0x40000" : {
      "Text" : "[1;5H",
      "Action" : 10
    },
    "0xf706-0x20000" : {
      "Text" : "[1;2R",
      "Action" : 10
    },
    "0x34-0x40000" : {
      "Text" : "0x1c",
      "Action" : 11
    },
    "0xf700-0x280000" : {
      "Text" : "0x1b 0x1b 0x5b 0x41",
      "Action" : 11
    },
    "0x2d-0x40000" : {
      "Text" : "0x1f",
      "Action" : 11
    },
    "0xf70e-0x20000" : {
      "Text" : "[23;2~",
      "Action" : 10
    },
    "0xf702-0x220000" : {
      "Text" : "[1;2D",
      "Action" : 10
    },
    "0xf703-0x280000" : {
      "Text" : "0x1b 0x1b 0x5b 0x43",
      "Action" : 11
    },
    "0xf700-0x240000" : {
      "Text" : "[1;5A",
      "Action" : 10
    },
    "0xf707-0x20000" : {
      "Text" : "[1;2S",
      "Action" : 10
    },
    "0xf70a-0x20000" : {
      "Text" : "[18;2~",
      "Action" : 10
    },
    "0x35-0x40000" : {
      "Text" : "0x1d",
      "Action" : 11
    },
    "0xf70f-0x20000" : {
      "Text" : "[24;2~",
      "Action" : 10
    },
    "0xf703-0x240000" : {
      "Text" : "[1;5C",
      "Action" : 10
    },
    "0xf701-0x260000" : {
      "Text" : "[1;6B",
      "Action" : 10
    },
    "0xf702-0x280000" : {
      "Text" : "0x1b 0x1b 0x5b 0x44",
      "Action" : 11
    },
    "0xf72b-0x20000" : {
      "Text" : "[1;2F",
      "Action" : 10
    },
    "0x36-0x40000" : {
      "Text" : "0x1e",
      "Action" : 11
    },
    "0xf708-0x20000" : {
      "Text" : "[15;2~",
      "Action" : 10
    },
    "0xf701-0x220000" : {
      "Text" : "[1;2B",
      "Action" : 10
    },
    "0xf70b-0x20000" : {
      "Text" : "[19;2~",
      "Action" : 10
    },
    "0xf702-0x240000" : {
      "Text" : "[1;5D",
      "Action" : 10
    },
    "0xf704-0x20000" : {
      "Text" : "[1;2P",
      "Action" : 10
    }
  },
  "Window Type" : 1,
  "Background Image Location" : "",
  "Blur" : false,
  "Badge Color" : {
    "Red Component" : 1,
    "Color Space" : "sRGB",
    "Blue Component" : 0,
    "Alpha Component" : 0.5,
    "Green Component" : 0.1491314172744751
  },
  "Scrollback Lines" : 0,
  "Send Code When Idle" : false,
  "Close Sessions On End" : true,
  "Terminal Type" : "xterm-256color",
  "Visual Bell" : true,
  "Flashing Bell" : false,
  "Silence Bell" : false,
  "Ansi 14 Color" : {
    "Red Component" : 0.36635768413543701,
    "Color Space" : "sRGB",
    "Blue Component" : 0.83805406093597412,
    "Alpha Component" : 1,
    "Green Component" : 0.76803940534591675
  },